date,spy,tsla
20100726,111.559998,20.95
20100727,111.550003,20.55
20100728,110.830002,20.72
20100729,110.290001,20.35
20100730,110.269997,19.94
20100802,112.760002,20.92
20100803,112.220001,21.95
20100804,112.970001,21.26
20100805,112.849998,20.45
20100806,112.389999,19.59
20100809,112.989998,19.6
20100810,112.379997,19.03
20100811,109.300003,17.9
20100812,108.629997,17.6
20100813,108.309998,18.32
20100816,108.260002,18.78
20100817,109.589996,19.15
20100818,109.790001,18.77
20100819,107.879997,18.79
20100820,107.529999,19.1
20100823,107.120003,20.13
20100824,105.529999,19.2
20100825,105.940002,19.9
20100826,105.230003,19.75
20100827,106.860001,19.7
20100830,105.309998,19.87
20100831,105.309998,19.48
20100901,108.459999,20.45
20100902,109.470001,21.06
20100903,110.889999,21.05
20100907,109.639999,20.54
20100908,110.410004,20.9
20100909,110.919998,20.71
20100910,111.480003,20.17
20100913,112.720001,20.72
20100914,112.650002,21.12
20100915,113.080002,21.98
20100916,113.050003,20.94
20100917,112.489998,20.23
20100920,114.209999,21.055
20100921,113.980003,20.77
20100922,113.419998,19.87
20100923,112.5,19.56
20100924,114.82,20.1
20100927,114.269997,20.53
20100928,114.669998,21.4
20100929,114.470001,21.98
20100930,114.129997,20.405
20101001,114.610001,20.6
20101004,113.75,20.99
20101005,116.040001,21.12
20101006,116.029999,20.46
20101007,115.889999,20.43
20101008,116.540001,20.43
20101011,116.650002,20.24
20101012,117.010002,20.24
20101013,117.919998,20.54
20101014,117.459999,20.75
20101015,117.699997,20.54
20101018,118.279999,20.23
20101019,116.730003,20.05
20101020,117.870003,20.65
20101021,118.129997,20.75
20101022,118.349998,20.72
20101025,118.699997,20.85
20101026,118.720001,21.36
20101027,118.379997,21.0
20101028,118.400002,21.19
20101029,118.489998,21.84
20101101,118.529999,21.41
20101102,119.470001,21.25
20101103,119.949997,21.77
20101104,122.260002,24.9
20101105,122.720001,24.44
20101108,122.489998,24.98
20101109,121.610001,24.63
20101110,122.099998,29.36
20101111,121.639999,28.035
20101112,120.199997,29.84
20101115,120.029999,30.8
20101116,118.160004,29.67
20101117,118.220001,29.49
20101118,119.959999,29.89
20101119,120.290001,30.99
20101122,120.190002,33.4
20101123,118.449997,34.57
20101124,120.199997,35.47
20101126,118.800003,35.32
20101129,119.160004,34.33
20101130,118.489998,35.33
20101201,121.010002,34.35
20101202,122.559998,32.35
20101203,122.889999,31.49
20101206,122.760002,30.31
20101207,122.830002,31.56
20101208,123.279999,32.37
20101209,123.760002,32.05
20101210,124.480003,31.52
20101213,124.559998,30.55
20101214,124.669998,28.53
20101215,124.099998,29.6
20101216,124.82,30.81
20101217,124.300003,31.36
20101220,124.599998,31.7
20101221,125.389999,32.26
20101222,125.779999,32.63
20101223,125.599998,30.09
20101227,125.650002,25.549
20101228,125.830002,26.41
20101229,125.919998,27.73
20101230,125.720001,26.5
20101231,125.75,26.63
20110103,127.050003,26.62
20110104,126.980003,26.67
20110105,127.639999,26.83
20110106,127.389999,27.88
20110107,127.139999,28.24
20110110,126.980003,28.45
20110111,127.43,26.96
20110112,128.580002,26.96
20110113,128.369995,26.22
20110114,129.300003,25.75
20110118,129.520004,25.64
20110119,128.25,24.03
20110120,128.080002,22.62
20110121,128.369995,23.04
20110124,129.100006,24.49
20110125,129.169998,24.68
20110126,129.669998,24.75
20110127,129.990005,24.92
20110128,127.720001,24.01
20110131,128.679993,24.1
20110201,130.740005,23.91
20110202,130.490005,23.94
20110203,130.779999,23.63
20110204,131.149994,23.46
20110207,131.970001,23.07
20110208,132.570007,24.49
20110209,132.270004,23.21
20110210,132.320007,23.215
20110211,133.110001,23.25
20110214,133.429993,23.08
20110215,133.009995,22.84
20110216,133.850006,24.73
20110217,134.25,23.6
20110218,134.529999,23.18
20110222,131.830002,21.87
20110223,131.020004,21.83
20110224,130.929993,22.53
20110225,132.330002,23.61
20110228,133.149994,23.89
20110301,130.929993,23.94
20110302,131.210007,24.02
20110303,133.470001,24.36
20110304,132.470001,24.95
20110307,131.429993,24.94
20110308,132.580002,24.66
20110309,132.389999,24.72
20110310,129.940002,24.01
20110311,130.839996,24.07
20110314,130.050003,23.25
20110315,128.559998,22.95
20110316,126.18,22.82
20110317,127.849998,22.81
20110318,127.760002,22.96
20110321,129.740005,22.73
20110322,129.289993,22.19
20110323,129.660004,22.21
20110324,130.899994,22.33
20110325,131.300003,22.75
20110328,130.979996,23.25
20110329,131.860001,23.92
20110330,132.770004,23.71
20110331,132.589996,27.75
20110401,133.149994,26.66
20110404,133.259995,25.83
20110405,133.240005,26.7
20110406,133.660004,26.49
20110407,133.320007,27.24
20110408,132.860001,26.49
20110411,132.460007,25.27
20110412,131.470001,24.65
20110413,131.460007,24.93
20110414,131.559998,25.14
20110415,132.039993,25.58
20110418,130.559998,25.03
20110419,131.309998,25.16
20110420,133.100006,25.75
20110421,133.779999,26.74
20110425,133.639999,26.39
20110426,134.789993,26.93
20110427,135.669998,27.08
20110428,136.110001,27.66
20110429,136.429993,27.6
20110502,136.220001,27.45
20110503,135.729996,26.87
20110504,134.830002,26.69
20110505,133.610001,26.44
20110506,134.199997,27.12
20110509,134.720001,27.91
20110510,135.869995,28.33
20110511,134.440002,27.07
20110512,135.080002,27.67
20110513,134.039993,27.55
20110516,133.190002,26.6
20110517,133.169998,25.96
20110518,134.360001,26.35
20110519,134.679993,28.2
20110520,133.610001,27.97
20110523,132.059998,26.82
20110524,131.949997,26.72
20110525,132.389999,28.98
20110526,133.0,29.48
20110527,133.509995,29.55
20110531,134.899994,30.14
20110601,131.869995,28.517
20110602,131.729996,28.76
20110603,130.419998,30.13
20110606,129.039993,28.7
20110607,128.960007,28.37
20110608,128.419998,27.12
20110609,129.399994,27.62
20110610,127.599998,27.86
20110613,127.699997,28.43
20110614,129.320007,28.6
20110615,127.019997,27.32
20110616,127.300003,26.5
20110617,127.050003,26.5
20110620,127.699997,26.01
20110621,129.449997,27.53
20110622,128.669998,27.21
20110623,128.300003,27.71
20110624,126.809998,27.565
20110627,127.940002,27.46
20110628,129.610001,28.11
20110629,130.720001,28.29
20110630,131.970001,29.13
20110701,133.919998,29.02
20110705,133.809998,29.14
20110706,133.970001,28.96
20110707,135.360001,29.73
20110708,134.399994,28.81
20110711,131.970001,28.35
20110712,131.399994,28.17
20110713,131.839996,28.64
20110714,130.929993,27.61
20110715,131.690002,27.58
20110718,130.610001,27.23
20110719,132.729996,27.89
20110720,132.649994,28.69
20110721,134.490005,28.7
20110722,134.580002,29.29
20110725,133.830002,28.49
20110726,133.330002,28.0
20110727,130.600006,27.64
20110728,130.220001,28.17
20110729,129.330002,28.17
20110801,128.779999,28.77
20110802,125.489998,27.34
20110803,126.169998,27.2
20110804,120.260002,24.75
20110805,120.080002,24.24
20110808,112.260002,23.64
20110809,117.480003,25.06
20110810,112.290001,23.82
20110811,117.330002,25.3
20110812,118.120003,26.31
20110815,120.620003,26.23
20110816,119.589996,26.1
20110817,119.669998,25.83
20110818,114.510002,24.26
20110819,112.639999,22.3
20110822,112.730003,21.95
20110823,116.440002,22.96
20110824,118.080002,23.87
20110825,116.279999,23.11
20110826,117.970001,23.73
20110829,121.360001,24.71
20110830,121.68,24.63
20110831,122.220001,24.74
20110901,120.940002,24.0
20110902,117.849998,23.07
20110906,116.989998,22.94
20110907,120.290001,23.84
20110908,119.040001,23.61
20110909,115.919998,22.97
20110912,116.669998,22.88
20110913,117.739998,24.08
20110914,119.370003,24.34
20110915,121.43,24.82
20110916,121.519997,25.8
20110919,120.309998,25.77
20110920,120.169998,26.01
20110921,116.629997,25.85
20110922,112.860001,25.63
20110923,113.540001,26.38
20110926,116.239998,25.52
20110927,117.540001,26.19
20110928,115.139999,24.59
20110929,116.050003,24.12
20110930,113.150002,24.39
20111003,109.93,23.73
20111004,112.339996,23.66
20111005,114.419998,25.37
20111006,116.489998,26.96
20111007,115.709999,26.99
20111010,119.580002,27.88
20111011,119.699997,27.61
20111012,120.75,27.8
20111013,120.510002,27.94
20111014,122.57,28.05
20111017,120.230003,27.42
20111018,122.580002,28.34
20111019,121.129997,27.57
20111020,121.660004,27.34
20111021,123.970001,28.03
20111024,125.489998,28.55
20111025,123.050003,28.25
20111026,124.300003,27.98
20111027,128.630005,28.76
20111028,128.600006,29.87
20111031,125.5,29.37
20111101,122.0,28.88
20111102,123.989998,28.71
20111103,126.25,32.46
20111104,125.480003,32.31
20111107,126.260002,31.27
20111108,127.879997,31.84
20111109,123.160004,30.88
20111110,124.32,31.33
20111111,126.660004,33.64
20111114,125.459999,33.22
20111115,126.080002,33.93
20111116,124.080002,34.94
20111117,122.110001,33.68
20111118,121.980003,32.6
20111121,119.660004,31.76
20111122,119.190002,32.07
20111123,116.559998,31.45
20111125,116.339996,31.66
20111128,119.709999,32.56
20111129,120.050003,31.75
20111130,124.989998,32.74
20111201,124.970001,32.6
20111202,124.860001,33.3
20111205,126.220001,34.42
20111206,126.260002,34.87
20111207,126.730003,34.19
20111208,123.949997,30.89
20111209,126.050003,31.04
20111212,124.209999,30.41
20111213,123.050003,29.45
20111214,121.739998,28.53
20111215,122.18,28.62
20111216,121.589996,28.0
20111219,120.290001,27.75
20111220,123.93,27.9
20111221,124.169998,27.57
20111222,125.269997,27.77
20111223,126.389999,27.9
20111227,126.489998,28.57
20111228,124.830002,28.51
20111229,126.120003,28.73
20111230,125.5,28.56
20120103,127.5,28.08
20120104,127.699997,27.71
20120105,128.039993,27.12
20120106,127.709999,26.91
20120109,128.020004,27.25
20120110,129.130005,27.62
20120111,129.199997,28.23
20120112,129.509995,28.25
20120113,128.839996,22.79
20120117,129.339996,26.6
20120118,130.770004,26.81
20120119,131.460007,26.76
20120120,131.949997,26.6
20120123,131.610001,26.77
20120124,131.460007,27.42
20120125,132.559998,27.97
20120126,131.880005,28.94
20120127,131.820007,29.33
20120130,131.369995,29.57
20120131,131.320007,29.07
20120201,132.470001,29.58
20120202,132.679993,30.25
20120203,134.539993,31.15
20120206,134.449997,31.8
20120207,134.789993,31.6
20120208,135.190002,31.93
20120209,135.360001,32.58
20120210,134.360001,31.1
20120213,135.360001,31.49
20120214,135.190002,33.17
20120215,134.559998,33.6
20120216,136.050003,34.18
20120217,136.410004,34.97
20120221,136.470001,34.5
20120222,136.029999,34.22
20120223,136.630005,34.53
20120224,136.929993,33.75
20120227,137.160004,33.62
20120228,137.559998,33.81
20120229,137.020004,33.41
20120301,137.729996,34.41
20120302,137.309998,34.04
20120305,136.75,33.77
20120306,134.75,33.11
20120307,135.690002,33.12
20120308,137.039993,33.07
20120309,137.570007,34.74
20120312,137.580002,36.01
20120313,140.059998,36.09
20120314,139.910004,35.29
20120315,140.720001,35.0
20120316,140.300003,35.32
20120319,140.850006,34.98
20120320,140.440002,34.96
20120321,140.210007,35.15
20120322,139.199997,34.4
20120323,139.649994,34.08
20120326,141.610001,37.4
20120327,141.169998,37.94
20120328,140.470001,37.85
20120329,140.229996,37.33
20120330,140.809998,37.24
20120402,141.839996,36.58
20120403,141.259995,38.01
20120404,139.860001,35.0
20120405,139.789993,34.48
20120409,138.220001,33.15
20120410,135.899994,32.46
20120411,137.0,33.09
20120412,138.789993,33.44
20120413,137.139999,33.59
20120416,137.050003,32.25
20120417,139.080002,32.24
20120418,138.610001,32.66
20120419,137.720001,33.16
20120420,137.949997,33.16
20120423,136.789993,31.94
20120424,137.309998,31.82
20120425,139.190002,32.91
20120426,140.160004,33.49
20120427,140.389999,33.34
20120430,139.869995,33.13
20120501,140.740005,33.78
20120502,140.320007,33.94
20120503,139.25,32.46
20120504,137.0,31.83
20120507,137.100006,32.47
20120508,136.550003,30.19
20120509,135.740005,30.06
20120510,136.020004,32.96
20120511,135.610001,32.25
20120514,134.110001,30.06
20120515,133.339996,29.43
20120516,132.830002,29.18
20120517,130.860001,28.57
20120518,129.740005,27.56
20120521,131.970001,28.77
20120522,132.199997,30.79
20120523,132.270004,31.02
20120524,132.529999,30.32
20120525,132.100006,29.81
20120529,133.699997,31.69
20120530,131.759995,30.41
20120531,131.470001,29.5
20120601,128.160004,28.15
20120604,128.100006,27.88
20120605,129.070007,27.91
20120606,131.970001,29.22
20120607,132.050003,28.93
20120608,133.100006,30.08
20120611,131.410004,29.12
20120612,132.919998,29.66
20120613,132.070007,29.77
20120614,133.470001,29.39
20120615,134.139999,29.91
20120618,134.399994,31.84
20120619,135.699997,32.09
20120620,135.479996,33.78
20120621,132.440002,32.19
20120622,133.460007,33.785
20120625,131.320007,33.11
20120626,131.979996,31.61
20120627,133.169998,31.96
20120628,132.789993,31.41
20120629,136.100006,31.29
20120702,136.509995,30.4
20120703,137.410004,30.66
20120705,136.789993,31.23
20120706,135.490005,30.99
20120709,135.320007,31.49
20120710,134.139999,31.27
20120711,134.160004,31.51
20120712,133.509995,32.7
20120713,135.75,34.25
20120716,135.429993,35.96
20120717,136.360001,33.35
20120718,137.369995,32.15
20120719,137.729996,32.27
20120720,136.470001,31.79
20120723,135.089996,30.66
20120724,133.929993,29.84
20120725,133.960007,28.95
20120726,136.169998,28.13
20120727,138.679993,29.51
20120730,138.679993,27.35
20120731,137.710007,27.42
20120801,137.589996,26.25
20120802,136.639999,26.1
20120803,139.350006,27.27
20120806,139.619995,28.27
20120807,140.320007,30.25
20120808,140.490005,29.09
20120809,140.610001,29.41
20120810,140.839996,29.94
20120813,140.770004,31.17
20120814,140.789993,29.42
20120815,140.949997,29.4
20120816,141.990005,30.3
20120817,142.179993,30.01
20120820,142.190002,29.51
20120821,141.759995,29.11
20120822,141.820007,29.95
20120823,140.660004,30.73
20120824,141.509995,29.5
20120827,141.539993,28.32
20120828,141.399994,28.69
20120829,141.509995,28.41
20120830,140.490005,28.41
20120831,141.160004,28.52
20120904,141.029999,28.14
20120905,140.910004,27.94
20120906,143.770004,28.55
20120907,144.330002,29.35
20120910,143.509995,27.37
20120911,143.910004,27.8
20120912,144.389999,28.28
20120913,146.589996,29.48
20120914,147.240005,30.39
20120917,146.740005,32.54
20120918,146.619995,31.34
20120919,146.699997,31.05
20120920,146.710007,30.9
20120921,145.869995,30.02
20120924,145.649994,30.66
20120925,144.100006,27.66
20120926,143.289993,27.54
20120927,144.639999,28.49
20120928,143.970001,29.28
20121001,144.350006,29.16
20121002,144.5,29.8
20121003,145.089996,29.3
20121004,146.130005,29.4
20121005,146.139999,28.89
20121008,145.639999,29.25
20121009,144.199997,28.37
20121010,143.279999,28.4
20121011,143.360001,28.32
20121012,142.889999,27.64
20121015,144.080002,27.33
20121016,145.539993,28.06
20121017,146.199997,28.8191
20121018,145.820007,28.04
20121019,143.389999,27.74
20121022,143.410004,27.85
20121023,141.419998,28.39
20121024,141.020004,27.42
20121025,141.429993,27.52
20121026,141.350006,27.38
20121031,141.350006,28.1314
20121101,142.830002,29.2454
20121102,141.559998,28.9182
20121105,141.850006,31.5
20121106,142.960007,31.15
20121107,139.720001,31.54
20121108,138.039993,31.31
20121109,138.160004,30.32
20121112,138.270004,31.07
20121113,137.789993,31.6143
20121114,135.929993,31.38
20121115,135.699997,30.82
20121116,136.369995,31.8399
20121119,139.130005,32.92
20121120,139.190002,33.0
20121121,139.449997,32.47
20121123,141.350006,32.13
20121126,141.050003,32.27
20121127,140.330002,32.15
20121128,141.460007,33.23
20121129,142.119995,33.69
20121130,142.149994,33.82
20121203,141.449997,34.62
20121204,141.25,33.9
20121205,141.5,33.71
20121206,141.979996,33.9
20121207,142.410004,34.17
20121210,142.470001,34.57
20121211,143.440002,35.28
20121212,143.509995,35.26
20121213,142.630005,33.61
20121214,142.100006,33.81
20121217,143.770004,34.4
20121218,145.369995,34.59
20121219,144.289993,34.61
20121220,145.119995,34.43
20121221,142.789993,34.0
20121224,142.350006,34.28
20121226,141.75,33.59
20121227,141.559998,33.69
20121228,140.029999,33.22
20121231,142.410004,33.87
20130102,146.059998,35.36
20130103,145.729996,34.77
20130104,146.369995,34.4
20130107,145.970001,34.34
20130108,145.550003,33.68
20130109,145.919998,33.64
20130110,147.080002,33.53
20130111,147.070007,32.91
20130114,146.970001,33.26
20130115,147.070007,33.9
20130116,147.050003,34.1
20130117,148.0,34.38
20130118,148.330002,34.52
20130122,149.130005,35.19
20130123,149.369995,36.0
20130124,149.410004,36.99
20130125,150.25,36.98
20130128,150.070007,38.03
20130129,150.660004,37.95
20130130,150.070007,37.52
20130131,149.699997,37.51
20130201,151.240005,38.3
20130204,149.539993,37.74
20130205,151.050003,38.13
20130206,151.160004,39.17
20130207,150.960007,39.48
20130208,151.800003,39.24
20130211,151.770004,38.42
20130212,152.020004,37.89
20130213,152.149994,38.45
20130214,152.289993,38.3
20130215,152.110001,37.04
20130219,153.25,39.28
20130220,151.339996,38.54
20130221,150.419998,35.16
20130222,151.889999,36.11
20130225,149.0,34.38
20130226,150.020004,34.43
20130227,151.910004,35.1
20130228,151.610001,34.83
20130301,152.110001,34.65
20130304,152.919998,35.58
20130305,154.289993,36.65
20130306,154.5,37.69
20130307,154.779999,38.23
20130308,155.440002,38.47
20130311,156.029999,39.1
20130312,155.679993,39.12
20130313,155.899994,38.98
20130314,156.729996,36.85
20130315,155.830002,35.29
20130318,154.970001,35.15
20130319,154.610001,35.08
20130320,155.690002,35.95
20130321,154.360001,36.01
20130322,155.600006,36.62
20130325,154.949997,37.53
20130326,156.190002,37.86
20130327,156.190002,38.16
20130328,156.669998,37.89
20130401,156.050003,43.93
20130402,156.820007,44.34
20130403,155.229996,41.1
20130404,155.860001,42.01
20130405,155.160004,41.37
20130408,156.210007,41.83
20130409,156.75,40.5
20130410,158.669998,41.86
20130411,159.190002,43.59
20130412,158.800003,43.75
20130415,155.119995,43.3
20130416,157.410004,45.59
20130417,155.110001,45.45
20130418,154.139999,46.97
20130419,155.479996,47.83
20130422,156.169998,50.19
20130423,157.779999,51.01
20130424,157.880005,50.43
20130425,158.520004,52.0
20130426,158.240005,51.2
20130429,159.300003,54.94
20130430,159.679993,53.99
20130501,158.279999,53.28
20130502,159.75,54.11
20130503,161.369995,54.55
20130506,161.779999,59.5
20130507,162.600006,55.51
20130508,163.339996,55.7865
20130509,162.880005,69.4
20130510,163.410004,76.764
20130513,163.539993,87.8
20130514,165.229996,83.24
20130515,166.119995,84.842
20130516,165.339996,92.248
20130517,166.940002,91.5
20130520,166.929993,89.94
20130521,167.169998,87.59
20130522,165.929993,87.24
20130523,165.449997,92.73
20130524,165.309998,97.08
20130528,166.300003,110.334
20130529,165.220001,104.629
20130530,165.830002,104.95
20130531,163.449997,97.76
20130603,164.350006,92.59
20130604,163.559998,94.84
20130605,161.270004,95.37
20130606,162.729996,97.35
20130607,164.800003,102.04
20130610,164.800003,100.05
20130611,163.100006,94.47
20130612,161.75,97.73
20130613,164.210007,98.18
20130614,163.179993,100.3
20130617,164.440002,102.2
20130618,165.740005,103.39
20130619,163.449997,104.68
20130620,159.399994,100.65
20130621,159.070007,99.55
20130624,157.059998,101.49
20130625,158.570007,102.4
20130626,160.139999,105.72
20130627,161.080002,109.25
20130628,160.419998,107.36
20130701,161.360001,117.179
20130702,161.210007,117.82
20130703,161.279999,115.24
20130705,163.020004,120.09
20130708,163.949997,121.61
20130709,165.130005,123.45
20130710,165.190002,122.27
20130711,167.440002,125.61
20130712,167.509995,129.9
20130715,168.149994,127.26
20130716,167.520004,109.05
20130717,167.949997,120.25
20130718,168.869995,119.03
20130719,169.169998,119.68
20130722,169.5,122.43
20130723,169.139999,122.74
20130724,168.520004,121.7
20130725,168.929993,124.07
20130726,169.110001,129.39
20130729,168.589996,134.62
20130730,168.589996,131.74
20130731,168.710007,134.28
20130801,170.660004,135.55
20130802,170.949997,138.0
20130805,170.699997,144.68
20130806,169.729996,142.15
20130807,169.179993,134.23
20130808,169.800003,153.48
20130809,169.309998,153.0
20130812,169.110001,147.38
20130813,169.610001,145.43
20130814,168.740005,139.36
20130815,166.380005,139.67
20130816,165.830002,142.0
20130819,164.770004,144.9
20130820,165.580002,149.58
20130821,164.559998,147.86
20130822,166.059998,157.1
20130823,166.619995,161.839
20130826,166.0,164.22
20130827,163.330002,167.01
20130828,163.910004,166.45
20130829,164.169998,166.06
20130830,163.649994,169.0
20130903,164.389999,168.94
20130904,165.75,170.622
20130905,165.960007,169.93
20130906,166.039993,166.97
20130909,167.630005,160.7
20130910,168.869995,166.37
20130911,169.399994,163.52
20130912,168.949997,164.93
20130913,169.330002,165.54
20130916,170.309998,166.58
20130917,171.070007,166.23
20130918,173.050003,166.218
20130919,172.759995,177.92
20130920,170.720001,183.39
20130923,169.929993,181.11
20130924,169.529999,182.33
20130925,169.039993,185.238
20130926,169.690002,188.64
20130927,168.910004,190.9
20130930,168.009995,193.37
20131001,169.339996,193.0
20131002,169.179993,180.95
20131003,167.619995,173.31
20131004,168.889999,180.98
20131007,167.429993,183.07
20131008,165.479996,174.73
20131009,165.600006,168.78
20131010,169.169998,172.93
20131011,170.259995,178.7
20131014,170.940002,179.72
20131015,169.699997,183.94
20131016,172.070007,183.56
20131017,173.220001,182.802
20131018,174.389999,183.4
20131021,174.399994,172.6
20131022,175.410004,171.54
20131023,174.570007,164.5
20131024,175.149994,173.15
20131025,175.949997,169.66
20131028,176.229996,162.86
20131029,177.169998,164.47
20131030,176.289993,159.22
20131031,175.789993,159.94
20131101,176.210007,162.17
20131104,176.830002,175.2
20131105,176.270004,176.81
20131106,177.169998,151.16
20131107,174.929993,139.772
20131108,177.289993,137.95
20131111,177.320007,144.698
20131112,176.960007,137.8
20131113,178.380005,138.7
20131114,179.270004,137.6
20131115,180.050003,135.45
20131118,179.419998,121.58
20131119,179.029999,126.09
20131120,178.470001,121.11
20131121,179.910004,122.1
20131122,180.809998,121.38
20131125,180.630005,120.84
20131126,180.679993,120.5
20131127,181.119995,126.94
20131129,181.0,127.28
20131202,180.529999,124.17
20131203,179.75,144.7
20131204,179.729996,138.95
20131205,178.940002,140.48
20131206,180.940002,137.36
20131209,181.399994,141.6
20131210,180.75,142.19
20131211,178.720001,139.65
20131212,178.130005,147.47
20131213,178.110001,147.654
20131216,179.220001,147.94
20131217,178.649994,152.46
20131218,181.699997,147.98
20131219,181.490005,140.72
20131220,181.559998,143.24
20131223,182.529999,143.55
20131224,182.929993,151.41
20131226,183.860001,155.5
20131227,183.850006,151.12
20131230,183.820007,152.44
20131231,184.690002,150.429
20140102,182.919998,150.1
20140103,182.889999,149.56
20140106,182.360001,147.0
20140107,183.479996,149.36
20140108,183.520004,151.28
20140109,183.639999,147.53
20140110,184.139999,145.7199
20140113,181.690002,139.34
20140114,183.669998,161.27
20140115,184.660004,164.13
20140116,184.419998,170.97
20140117,183.639999,170.01
20140121,184.179993,176.68
20140122,184.300003,178.56
20140123,182.789993,181.5
20140124,178.889999,174.6
20140127,178.009995,169.62
20140128,179.070007,178.38
20140129,177.350006,175.23
20140130,179.229996,182.84
20140131,178.179993,181.41
20140203,174.169998,177.11
20140204,175.389999,178.73
20140205,175.169998,174.42
20140206,177.479996,178.38
20140207,179.679993,186.53
20140210,180.009995,196.56
20140211,181.979996,196.62
20140212,182.070007,195.32
20140213,183.009995,199.63
20140214,184.020004,198.23
20140218,184.240005,203.7
20140219,183.020004,193.64
20140220,184.100006,209.97
20140221,183.889999,209.6
20140224,184.910004,217.65
20140225,184.839996,248.0
20140226,184.850006,253.0
20140227,185.820007,252.54
20140228,186.289993,244.81
20140303,184.979996,250.56
20140304,187.580002,254.84
20140305,187.75,252.66
20140306,188.179993,252.94
20140307,188.259995,246.21
20140310,188.160004,238.84
20140311,187.229996,234.41
20140312,187.279999,241.49
20140313,185.179993,237.79
20140314,184.660004,230.97
20140317,186.330002,233.98
20140318,187.660004,240.04
20140319,186.660004,235.84
20140320,187.75,234.91
20140321,186.199997,228.89
20140324,185.429993,220.17
20140325,186.309998,220.44
20140326,184.970001,212.96
20140327,184.580002,207.32
20140328,185.490005,212.37
20140331,187.009995,208.45
20140401,188.25,216.97
20140402,188.880005,230.29
20140403,188.630005,225.4
20140404,186.399994,212.225
20140407,184.339996,207.52
20140408,185.100006,215.46
20140409,187.089996,216.93
20140410,183.160004,204.19
20140411,181.509995,203.78
20140414,182.940002,198.09
20140415,184.199997,193.91
20140416,186.130005,199.11
20140417,186.389999,198.12
20140421,187.039993,204.38
20140422,187.889999,218.64
20140423,187.449997,207.99
20140424,187.830002,207.86
20140425,186.289993,199.85
20140428,186.880005,198.51
20140429,187.75,206.92
20140430,188.309998,207.89
20140501,188.330002,207.73
20140502,188.059998,210.91
20140505,188.419998,216.61
20140506,186.779999,207.28
20140507,187.880005,201.35
20140508,187.679993,178.59
20140509,187.960007,182.26
20140512,189.789993,184.67
20140513,189.960007,190.16
20140514,189.059998,190.62
20140515,187.399994,188.59
20140516,188.050003,191.56
20140519,188.740005,196.09
20140520,187.550003,195.3
20140521,189.130005,199.45
20140522,189.589996,204.88
20140523,190.350006,207.3
20140527,191.520004,211.56
20140528,191.380005,210.24
20140529,192.369995,210.24
20140530,192.679993,207.77
20140602,192.899994,204.7
20140603,192.800003,204.94
20140604,193.190002,203.99
20140605,194.449997,206.9
20140606,195.380005,208.171
20140609,195.580002,205.31
20140610,195.600006,202.3
20140611,194.919998,204.47
20140612,193.539993,203.52
20140613,194.130005,206.42
20140616,194.289993,224.61
20140617,194.830002,231.67
20140618,196.259995,227.12
20140619,196.479996,227.79
20140620,195.940002,229.59
20140623,195.880005,237.22
20140624,194.699997,232.5
20140625,195.580002,236.891
20140626,195.440002,235.6
20140627,195.820007,239.06
20140630,195.720001,240.06
20140701,197.029999,239.72
20140702,197.229996,229.425
20140703,198.199997,229.25
20140707,197.509995,222.66
20140708,196.240005,219.07
20140709,197.119995,223.06
20140710,196.339996,219.46
20140711,196.610001,218.13
20140714,197.600006,226.7
20140715,197.229996,219.58
20140716,197.960007,217.16
20140717,195.710007,215.4
20140718,197.710007,220.0201
20140721,197.339996,220.54
20140722,198.199997,219.58
20140723,198.639999,222.49
20140724,198.649994,223.54
20140725,197.720001,223.57
20140728,197.800003,224.82
20140729,196.949997,225.01
20140730,196.979996,228.92
20140731,193.089996,223.3
20140801,192.5,233.27
20140804,193.889999,238.52
20140805,192.009995,238.49
20140806,192.070007,248.9301
20140807,191.029999,252.39
20140808,193.240005,248.13
20140811,193.800003,259.32
20140812,193.529999,259.96
20140813,194.839996,260.31
20140814,195.759995,261.38
20140815,195.720001,262.01
20140818,197.360001,259.94
20140819,198.389999,256.76
20140820,198.919998,255.71
20140821,199.5,254.34
20140822,199.190002,256.78
20140825,200.199997,262.55
20140826,200.330002,261.74
20140827,200.25,263.25
20140828,200.139999,263.86
20140829,200.710007,269.7
20140902,200.610001,284.12
20140903,200.5,281.19
20140904,200.210007,286.04
20140905,201.110001,277.39
20140908,200.589996,282.11
20140909,199.320007,278.48
20140910,200.070007,281.1
20140911,200.300003,280.31
20140912,199.130005,279.2
20140915,198.979996,253.86
20140916,200.479996,260.74
20140917,200.75,261.38
20140918,201.820007,263.82
20140919,200.699997,259.32
20140922,199.149994,250.03
20140923,198.009995,250.41
20140924,199.559998,252.14
20140925,196.339996,246.95
20140926,197.899994,246.6
20140929,197.539993,245.26
20140930,197.020004,242.68
20141001,194.350006,240.24
20141002,194.380005,251.42
20141003,196.520004,255.21
20141006,196.289993,260.62
20141007,193.259995,259.57
20141008,196.639999,259.28
20141009,192.740005,257.01
20141010,190.539993,236.91
20141013,187.410004,224.59
20141014,187.699997,227.06
20141015,186.429993,229.7
20141016,186.270004,226.35
20141017,188.470001,227.48
20141020,190.300003,230.47
20141021,194.070007,235.34
20141022,192.690002,231.1
20141023,194.929993,235.29
20141024,196.429993,235.24
20141027,196.160004,221.67
20141028,198.410004,242.77
20141029,198.110001,238.1
20141030,199.380005,238.66
20141031,201.660004,241.7
20141103,201.770004,242.59
20141104,201.070007,238.93
20141105,202.339996,230.97
20141106,203.149994,241.22
20141107,203.339996,240.2
20141110,203.979996,241.93
20141111,204.179993,251.08
20141112,203.960007,249.1
20141113,204.190002,251.7
20141114,204.240005,258.68
20141117,204.369995,253.98
20141118,205.550003,257.7
20141119,205.220001,247.74
20141120,205.580002,248.71
20141121,206.679993,242.78
20141124,207.259995,246.72
20141125,207.110001,248.09
20141126,207.639999,248.44
20141128,207.199997,244.52
20141201,205.759995,231.64
20141202,207.089996,231.43
20141203,207.889999,229.3
20141204,207.660004,228.28
20141205,208.0,223.71
20141208,206.610001,214.36
20141209,206.470001,216.89
20141210,203.160004,209.84
20141211,204.190002,208.88
20141212,200.889999,207.0
20141215,199.509995,204.04
20141216,197.910004,197.81
20141217,201.789993,205.82
20141218,206.779999,218.26
20141219,206.520004,219.29
20141222,207.470001,222.6
20141223,207.75,220.97
20141224,207.770004,222.26
20141226,208.440002,227.82
20141229,208.720001,225.71
20141230,207.600006,222.23
20141231,205.539993,222.41
20150102,205.429993,219.31
20150105,201.720001,210.09
20150106,199.820007,211.28
20150107,202.309998,210.95
20150108,205.899994,210.615
20150109,204.25,206.66
20150112,202.649994,202.21
20150113,202.080002,204.25
20150114,200.860001,192.69
20150115,199.020004,191.87
20150116,201.630005,193.07
20150120,202.059998,191.93
20150121,203.080002,196.57
20150122,206.100006,201.62
20150123,204.970001,201.29
20150126,205.449997,206.55
20150127,202.740005,205.98
20150128,200.139999,199.37
20150129,201.990005,205.2
20150130,199.449997,203.6
20150202,201.919998,210.94
20150203,204.839996,218.36
20150204,204.059998,218.55
20150205,206.119995,220.99
20150206,205.550003,217.36
20150209,204.630005,217.48
20150210,206.809998,216.29
20150211,206.929993,212.8
20150212,208.919998,202.88
20150213,209.779999,203.77
20150217,210.110001,204.35
20150218,210.130005,204.46
20150219,209.979996,211.705
20150220,211.240005,217.11
20150223,211.210007,207.335
20150224,211.809998,204.11
20150225,211.630005,203.76
20150226,211.380005,207.19
20150227,210.660004,203.34
20150302,211.990005,197.325
20150303,211.119995,199.56
20150304,210.229996,202.435
20150305,210.460007,200.63
20150306,207.5,193.88
20150309,208.360001,190.88
20150310,204.979996,190.32
20150311,204.5,193.74
20150312,207.100006,191.07
20150313,205.830002,188.68
20150316,208.580002,195.7
20150317,207.960007,194.73
20150318,210.460007,200.71
20150319,209.5,195.65
20150320,210.410004,198.08
20150323,210.0,199.63
20150324,208.820007,201.72
20150325,205.759995,194.3
20150326,205.270004,190.405
20150327,205.740005,185.0
20150330,208.25,190.57
20150331,206.429993,188.77
20150401,205.699997,187.59
20150402,206.440002,191.0
20150406,207.830002,203.1
20150407,207.279999,203.25
20150408,207.979996,207.67
20150409,208.899994,210.09
20150410,210.039993,210.9
20150413,209.089996,209.78
20150414,209.490005,207.46
20150415,210.429993,207.83
20150416,210.369995,206.7
20150417,207.949997,206.79
20150420,209.850006,205.27
20150421,209.600006,209.41
20150422,210.630005,219.44
20150423,211.160004,218.6
20150424,211.649994,218.425
20150427,210.770004,231.55
20150428,211.440002,230.48
20150429,210.570007,232.45
20150430,208.460007,226.05
20150501,210.720001,226.03
20150504,211.320007,230.51
20150505,208.899994,232.95
20150506,208.039993,230.43
20150507,208.869995,236.8
20150508,211.619995,236.61
20150511,210.610001,239.49
20150512,209.979996,244.74
20150513,210.020004,243.18
20150514,212.210007,244.1
20150515,212.440002,248.84
20150518,213.100006,248.75
20150519,213.029999,247.14
20150520,212.880005,244.35
20150521,213.5,245.62
20150522,212.990005,247.73
20150526,210.699997,247.455
20150527,212.699997,247.43
20150528,212.460007,251.45
20150529,211.139999,250.8
20150601,211.570007,249.45
20150602,211.360001,248.35
20150603,211.919998,248.99
20150604,210.130005,245.92
20150605,209.770004,249.14
20150608,208.479996,256.29
20150609,208.449997,256.0
20150610,210.949997,250.7
20150611,211.630005,251.41
20150612,210.009995,250.69
20150615,209.110001,250.38
20150616,210.25,253.12
20150617,210.589996,260.41
20150618,212.779999,261.89
20150619,210.809998,262.51
20150622,211.889999,259.79
20150623,212.039993,267.67
20150624,210.5,265.17
20150625,209.860001,268.79
20150626,209.820007,267.09
20150629,205.419998,262.02
20150630,205.850006,268.26
20150701,207.5,269.15
20150702,207.309998,280.02
20150706,206.720001,279.72
20150707,208.020004,267.88
20150708,204.529999,254.96
20150709,204.899994,257.92
20150710,207.479996,259.15
20150713,209.770004,262.16
20150714,210.679993,265.65
20150715,210.610001,263.14
20150716,212.300003,266.68
20150717,212.479996,274.66
20150720,212.589996,282.26
20150721,211.75,266.77
20150722,211.369995,267.87
20150723,210.179993,267.2
20150724,208.0,265.41
20150727,206.789993,253.01
20150728,209.330002,264.82
20150729,210.770004,263.82
20150730,210.820007,266.79
20150731,210.5,266.15
20150803,209.789993,259.99
20150804,209.380005,266.28
20150805,210.070007,270.13
20150806,208.350006,246.13
20150807,207.949997,242.51
20150810,210.570007,241.14
20150811,208.669998,237.37
20150812,208.919998,238.17
20150813,208.660004,242.51
20150814,209.419998,243.15
20150817,210.589996,254.99
20150818,209.979996,260.72
20150819,208.320007,255.25
20150820,203.970001,242.18
20150821,197.830002,230.77
20150824,189.5,218.87
20150825,187.270004,220.03
20150826,194.460007,224.84
20150827,199.270004,242.99
20150828,199.279999,248.48
20150831,197.669998,249.06
20150901,191.770004,238.63
20150902,195.410004,247.69
20150903,195.550003,245.57
20150904,192.589996,241.93
20150908,197.429993,248.17
20150909,194.789993,248.91
20150910,195.850006,248.48
20150911,196.740005,250.24
20150914,196.009995,253.19
20150915,198.460007,253.57
20150916,200.179993,262.25
20150917,199.729996,262.07
20150918,195.449997,260.62
20150921,196.460007,264.2
20150922,193.910004,260.94
20150923,193.600006,261.06
20150924,192.899994,263.12
20150925,192.850006,256.91
20150928,188.009995,248.43
20150929,188.119995,246.65
20150930,191.630005,248.4
20151001,192.130005,239.88
20151002,195.0,247.57
20151005,198.470001,246.15
20151006,197.789993,241.46
20151007,199.410004,231.96
20151008,201.210007,226.72
20151009,201.330002,220.69
20151012,201.520004,215.58
20151013,200.25,219.25
20151014,199.289993,216.88
20151015,202.350006,221.31
20151016,203.270004,227.01
20151019,203.369995,228.1
20151020,203.110001,213.03
20151021,201.850006,210.09
20151022,205.259995,211.72
20151023,207.509995,209.09
20151026,207.0,215.26
20151027,206.600006,210.35
20151028,208.949997,212.96
20151029,208.830002,211.63
20151030,207.929993,206.93
20151102,210.389999,213.79
20151103,211.0,208.35
20151104,210.360001,231.63
20151105,210.149994,231.77
20151106,210.039993,232.36
20151109,208.080002,225.33
20151110,208.559998,216.5
20151111,207.740005,219.08
20151112,204.839996,212.94
20151113,202.539993,207.19
20151116,205.619995,214.31
20151117,205.470001,214.0
20151118,208.729996,221.07
20151119,208.550003,221.8
20151120,209.309998,220.01
20151123,209.070007,217.75
20151124,209.350006,218.25
20151125,209.320007,229.64
20151127,209.559998,231.61
20151130,208.690002,230.26
20151201,210.679993,237.19
20151202,208.529999,231.99
20151203,205.610001,232.71
20151204,209.619995,230.38
20151207,208.350006,231.13
20151208,206.949997,226.72
20151209,205.339996,224.52
20151210,205.869995,227.07
20151211,201.880005,217.02
20151214,202.899994,218.58
20151215,205.029999,221.09
20151216,208.029999,234.51
20151217,204.860001,233.39
20151218,200.020004,230.46
20151221,201.669998,232.56
20151222,203.5,229.95
20151223,206.020004,229.7
20151224,205.679993,230.57
20151228,205.210007,228.95
20151229,207.399994,237.19
20151230,205.929993,238.09
20151231,203.869995,240.01
20160104,201.020004,223.41
20160105,201.360001,223.43
20160106,198.820007,219.04
20160107,194.050003,215.65
20160108,191.919998,211.0
20160111,192.110001,207.85
20160112,193.660004,209.97
20160113,188.830002,200.31
20160114,191.929993,206.18
20160115,187.809998,204.99
20160119,188.059998,204.72
20160120,185.649994,198.7
20160121,186.690002,199.97
20160122,190.520004,202.55
20160125,187.639999,196.38
20160126,190.199997,193.56
20160127,188.130005,188.07
20160128,189.110001,189.7
20160129,193.720001,191.2
20160201,193.649994,196.94
20160202,190.160004,182.78
20160203,191.300003,173.48
20160204,191.600006,175.33
20160205,187.949997,162.6
20160208,185.419998,147.99
20160209,185.429993,148.25
20160210,185.270004,143.67
20160211,182.860001,150.47
20160212,186.630005,151.04
20160216,189.779999,155.17
20160217,192.880005,168.68
20160218,192.089996,166.77
20160219,192.0,166.58
20160222,194.779999,177.74
20160223,192.320007,177.21
20160224,193.199997,179.0
20160225,195.539993,187.43
20160226,195.089996,190.34
20160229,193.559998,191.93
20160301,198.110001,186.35
20160302,199.0,188.34
20160303,199.779999,195.74
20160304,200.429993,201.04
20160307,200.589996,205.29
20160308,198.399994,202.6
20160309,199.380005,208.72
20160310,199.539993,205.18
20160311,202.759995,207.5
20160314,202.5,215.15
20160315,202.169998,218.34
20160316,203.339996,221.93
20160317,204.630005,226.38
20160318,204.380005,232.74
20160321,204.669998,238.32
20160322,204.559998,234.24
20160323,203.210007,222.58
20160324,203.119995,227.75
20160328,203.240005,230.26
20160329,205.119995,230.13
20160330,206.020004,226.89
20160331,205.520004,229.77
20160401,206.919998,237.59
20160404,206.25,246.99
20160405,204.190002,255.47
20160406,206.419998,265.42
20160407,203.949997,257.2
20160408,204.5,250.07
20160411,204.020004,249.92
20160412,205.919998,247.82
20160413,208.0,254.53
20160414,208.009995,251.86
20160415,207.779999,254.51
20160418,209.240005,253.88
20160419,209.899994,247.37
20160420,210.100006,249.97
20160421,208.970001,248.29
20160422,208.970001,253.75
20160425,208.610001,251.82
20160426,208.919998,253.74
20160427,209.350006,251.47
20160428,207.449997,247.71
20160429,206.330002,240.76
20160502,207.970001,241.8
20160503,206.160004,232.32
20160504,205.009995,222.56
20160505,204.970001,211.53
20160506,205.720001,214.93
20160509,205.889999,208.92
20160510,208.449997,208.69
20160511,206.5,208.96
20160512,206.559998,207.28
20160513,204.759995,207.61
20160516,206.779999,208.29
20160517,204.850006,204.66
20160518,204.910004,211.17
20160519,204.199997,215.21
20160520,205.490005,220.28
20160523,205.210007,216.22
20160524,207.869995,217.91
20160525,209.279999,219.58
20160526,209.339996,225.12
20160527,210.240005,223.04
20160531,209.839996,223.23
20160601,210.270004,219.56
20160602,210.910004,218.96
20160603,210.279999,218.99
20160606,211.350006,220.68
20160607,211.679993,232.34
20160608,212.369995,235.52
20160609,212.080002,229.36
20160610,210.070007,218.79
20160613,208.449997,217.87
20160614,208.039993,214.96
20160615,207.75,217.7
20160616,208.369995,217.93
20160617,206.520004,215.47
20160620,207.850006,219.7
20160621,208.440002,219.61
20160622,208.100006,196.66
20160623,210.809998,196.4
20160624,203.240005,193.15
20160627,199.600006,198.55
20160628,203.199997,201.79
20160629,206.660004,210.19
20160630,209.479996,212.28
20160701,209.919998,216.5
20160705,208.410004,213.98
20160706,209.660004,214.44
20160707,209.529999,215.94
20160708,212.649994,216.78
20160711,213.399994,224.78
20160712,214.949997,224.65
20160713,214.919998,222.53
20160714,216.119995,221.53
20160715,215.830002,220.4
20160718,216.410004,226.25
20160719,216.190002,225.26
20160720,217.089996,228.36
20160721,216.270004,220.5
20160722,217.240005,222.27
20160725,216.649994,230.01
20160726,216.75,229.51
20160727,216.520004,228.49
20160728,216.770004,230.61
20160729,217.119995,234.79
20160801,216.940002,230.01
20160802,215.550003,227.2
20160803,216.179993,225.79
20160804,216.410004,230.61
20160805,218.179993,230.03
20160808,218.050003,226.16
20160809,218.179993,229.08
20160810,217.639999,225.65
20160811,218.649994,224.91
20160812,218.460007,225.61
20160815,219.089996,225.59
20160816,217.960007,223.61
20160817,218.369995,223.24
20160818,218.860001,223.51
20160819,218.539993,225.0
20160822,218.529999,222.93
20160823,218.970001,224.84
20160824,217.850006,222.62
20160825,217.699997,220.96
20160826,217.289993,219.99
20160829,218.360001,215.2
20160830,218.0,211.34
20160831,217.380005,212.01
20160901,217.389999,200.77
20160902,218.369995,197.78
20160906,219.029999,202.83
20160907,219.009995,201.71
20160908,218.509995,197.36
20160909,213.279999,194.47
20160912,216.339996,198.3
20160913,213.229996,196.05
20160914,213.149994,196.41
20160915,215.279999,200.42
20160916,213.369995,205.4
20160919,213.410004,206.34
20160920,213.419998,204.64
20160921,215.820007,205.22
20160922,217.179993,206.43
20160923,215.990005,207.45
20160926,214.240005,208.99
20160927,215.570007,205.81
20160928,216.639999,206.27
20160929,214.679993,200.7
20160930,216.300003,204.03
20161003,215.779999,213.7
20161004,214.679993,211.41
20161005,215.630005,208.46
20161006,215.779999,201.0
20161007,215.039993,196.61
20161010,216.160004,200.95
20161011,213.429993,200.1
20161012,213.710007,201.51
20161013,213.009995,200.24
20161014,213.119995,196.51
20161017,212.380005,193.96
20161018,213.710007,199.1
20161019,214.279999,203.56
20161020,213.880005,199.1
20161021,213.979996,200.09
20161024,214.889999,202.76
20161025,214.169998,202.34
20161026,213.740005,202.24
20161027,213.169998,204.01
20161028,212.539993,199.97
20161031,212.550003,197.73
20161101,211.009995,190.79
20161102,209.740005,188.02
20161103,208.779999,187.42
20161104,208.550003,190.56
20161107,213.149994,193.21
20161108,214.110001,194.94
20161109,216.380005,190.06
20161110,216.919998,185.35
20161111,216.419998,188.56
20161114,216.589996,181.45
20161115,218.279999,183.77
20161116,217.869995,183.93
20161117,218.990005,188.66
20161118,218.5,185.02
20161121,220.149994,184.52
20161122,220.580002,191.17
20161123,220.699997,193.14
20161125,221.520004,196.65
20161128,220.479996,196.12
20161129,220.910004,189.57
20161130,220.380005,189.4
20161201,219.570007,181.88
20161202,219.679993,181.47
20161205,221.0,186.8
20161206,221.699997,185.85
20161207,224.600006,193.15
20161208,225.149994,192.29
20161209,226.509995,192.18
20161212,226.25,192.43
20161213,227.759995,198.15
20161214,225.880005,198.69
20161215,226.809998,197.58
20161216,225.039993,202.49
20161219,225.529999,202.73
20161220,226.399994,208.79
20161221,225.770004,207.7
20161222,225.380005,208.45
20161223,225.710007,213.34
20161227,226.270004,219.53
20161228,224.399994,219.74
20161229,224.350006,214.68
20161230,223.529999,213.69
20170103,225.240005,216.99
20170104,226.580002,226.99
20170105,226.399994,226.75
20170106,227.210007,229.01
20170109,226.460007,231.28
20170110,226.460007,229.87
20170111,227.100006,229.73
20170112,226.529999,229.59
20170113,227.050003,237.75
20170117,226.25,235.58
20170118,226.75,238.36
20170119,225.910004,243.76
20170120,226.740005,244.73
20170123,226.149994,248.92
20170124,227.600006,254.61
20170125,229.570007,254.47
20170126,229.330002,252.51
20170127,228.970001,252.95
20170130,227.550003,250.63
20170131,227.529999,251.93
20170201,227.619995,249.24
20170202,227.770004,251.55
20170203,229.339996,251.33
20170206,228.929993,257.77
20170207,228.940002,257.48
20170208,229.240005,262.08
20170209,230.600006,269.2
20170210,231.509995,269.23
20170213,232.770004,280.6
20170214,233.699997,280.98
20170215,234.919998,279.76
20170216,234.720001,268.95
20170217,235.089996,272.23
20170221,236.490005,277.39
20170222,236.279999,273.51
20170223,236.440002,255.99
20170224,236.740005,257.0
20170227,237.110001,246.23
20170228,236.470001,249.99
20170301,239.779999,250.02
20170302,238.270004,250.48
20170303,238.419998,251.57
20170306,237.710007,251.21
20170307,237.0,248.59
20170308,236.559998,246.87
20170309,236.860001,244.9
20170310,237.690002,243.69
20170313,237.809998,246.17
20170314,236.899994,258.0
20170315,238.949997,255.73
20170316,238.479996,262.05
20170317,237.029999,261.5
20170320,236.770004,261.92
20170321,233.729996,250.68
20170322,234.279999,255.01
20170323,234.029999,254.78
20170324,233.860001,263.16
20170327,233.619995,270.22
20170328,235.320007,277.45
20170329,235.539993,277.38
20170330,236.289993,277.92
20170331,235.740005,278.3
20170403,235.330002,298.52
20170404,235.479996,303.7
20170405,234.779999,295.0
20170406,235.440002,298.7
20170407,235.199997,302.54
20170410,235.339996,312.39
20170411,235.059998,308.71
20170412,234.029999,296.84
20170413,232.509995,304.0
20170417,234.570007,301.44
20170418,233.869995,300.25
20170419,233.440002,305.52
20170420,235.339996,302.51
20170421,234.589996,305.6
20170424,237.169998,308.03
20170425,238.550003,313.79
20170426,238.399994,310.17
20170427,238.600006,308.63
20170428,238.080002,314.07
20170501,238.679993,322.83
20170502,238.770004,318.89
20170503,238.479996,311.02
20170504,238.759995,295.46
20170505,239.699997,308.35
20170508,239.660004,307.19
20170509,239.440002,321.26
20170510,239.869995,325.22
20170511,239.380005,323.1
20170512,238.979996,324.81
20170515,240.300003,315.88
20170516,240.080002,317.01
20170517,235.820007,306.11
20170518,236.770004,313.06
20170519,238.309998,310.83
20170522,239.520004,310.35
20170523,240.050003,303.86
20170524,240.610001,310.22
20170525,241.759995,316.83
20170526,241.710007,325.14
20170530,241.5,335.1
20170531,241.440002,341.01
20170601,243.360001,340.37
20170602,244.169998,339.85
20170605,243.990005,347.32
20170606,243.210007,352.85
20170607,243.660004,359.65
20170608,243.779999,370.0
20170609,243.410004,357.32
20170612,243.360001,359.01
20170613,244.550003,375.95
20170614,244.240005,380.66
20170615,243.770004,375.34
20170616,242.639999,371.4
20170619,244.660004,369.8
20170620,243.009995,372.24
20170621,242.949997,376.4
20170622,242.839996,382.61
20170623,243.130005,383.45
20170626,243.289993,377.49
20170627,241.330002,362.37
20170628,243.490005,371.24
20170629,241.350006,360.75
20170630,241.800003,361.61
20170703,242.210007,352.62
20170705,242.770004,327.09
20170706,240.550003,308.83
20170707,242.110001,313.22
20170710,242.369995,316.05
20170711,242.190002,327.22
20170712,244.009995,329.52
20170713,244.419998,323.41
20170714,245.559998,327.78
20170717,245.529999,319.57
20170718,245.660004,328.24
20170719,246.990005,325.26
20170720,247.100006,329.92
20170721,246.880005,328.4
20170724,246.820007,342.52
20170725,247.419998,339.6
20170726,247.429993,343.85
20170727,247.199997,334.46
20170728,246.910004,335.07
20170731,246.770004,323.47
20170801,247.320007,319.57
20170802,247.440002,325.89
20170803,246.960007,347.09
20170804,247.410004,356.91
20170807,247.869995,355.17
20170808,247.259995,365.22
20170809,247.25,363.53
20170810,243.759995,355.4
20170811,244.119995,357.87
20170814,246.539993,363.8
20170815,246.509995,362.33
20170816,246.940002,362.91
20170817,243.089996,351.92
20170818,242.710007,347.46
20170821,242.899994,337.86
20170822,245.440002,341.35
20170823,244.559998,352.77
20170824,243.990005,352.93
20170825,244.559998,348.05
20170828,244.570007,345.66
20170829,244.850006,347.36
20170830,246.009995,353.18
20170831,247.490005,355.9
20170901,247.839996,355.4
20170905,246.059998,349.59
20170906,246.899994,344.53
20170907,246.869995,350.61
20170908,246.580002,343.4
20170911,249.210007,363.69
20170912,250.050003,362.75
20170913,250.169998,366.23
20170914,250.089996,377.64
20170915,249.190002,379.81
20170918,249.720001,385.0
20170919,249.970001,375.1
20170920,250.059998,373.91
20170921,249.389999,366.48
20170922,249.440002,351.09
20170925,248.929993,344.99
20170926,249.080002,345.25
20170927,250.050003,340.97
20170928,250.350006,339.6
20170929,251.229996,341.1
20171002,252.320007,341.53
20171003,252.860001,348.14
20171004,253.160004,355.01
20171005,254.660004,355.33
20171006,254.369995,356.88
20171009,253.949997,342.94
20171010,254.619995,355.59
20171011,255.020004,354.6
20171012,254.639999,355.68
20171013,254.949997,355.57
20171016,255.289993,350.6
20171017,255.470001,355.75
20171018,255.720001,359.65
20171019,255.789993,351.81
20171020,257.109985,345.1
20171023,256.109985,337.02
20171024,256.559998,337.34
20171025,255.289993,325.84
20171026,255.619995,326.17
20171027,257.709991,320.87
20171030,256.75,320.08
20171031,257.149994,331.53
20171101,257.48999,321.08
20171102,257.589996,299.26
20171103,258.450012,306.09
20171106,258.850006,302.78
20171107,258.670013,306.05
20171108,259.109985,304.39
20171109,258.170013,302.99
20171110,258.089996,302.99
20171113,258.329987,315.4
20171114,257.730011,308.7
20171115,256.440002,311.3
20171116,258.619995,312.5
20171117,257.859985,315.05
20171120,258.299988,308.74
20171121,259.98999,317.81
20171122,259.76001,312.6
20171124,260.359985,315.55
20171127,260.230011,316.81
20171128,262.869995,317.55
20171129,262.709991,307.54
20171130,265.01001,308.85
20171201,264.459991,306.53
20171204,264.140015,305.2
20171205,263.190002,303.7
20171206,263.23999,313.26
20171207,264.070007,311.24
20171208,265.51001,315.13
20171211,266.309998,328.91
20171212,266.779999,341.03
20171213,266.75,339.03
20171214,265.660004,337.89
20171215,266.51001,343.45
20171218,268.200012,338.87
20171219,267.170013,331.1
20171220,267.029999,328.98
20171221,267.579987,331.66
20171222,267.51001,325.2
20171226,267.190002,317.29
20171227,267.320007,311.64
20171228,267.869995,315.36
20171229,266.859985,311.35
20180102,268.769989,320.53
20180103,270.470001,317.25
20180104,271.609985,314.62
20180105,273.420013,316.58
20180108,273.920013,336.41
20180109,274.540009,333.69
20180110,274.119995,334.8
20180111,276.119995,337.95
20180112,277.920013,336.22
20180116,276.970001,340.06
20180117,279.609985,347.16
20180118,279.140015,344.57
20180119,280.410004,350.02
20180122,282.690002,351.56
20180123,283.290009,352.79
20180124,283.179993,345.89
20180125,283.299988,337.64
20180126,286.579987,342.85
20180129,284.679993,349.53
20180130,281.76001,345.82
20180131,281.899994,354.31
20180201,281.579987,349.25
20180202,275.450012,343.75
20180205,263.929993,333.13
20180206,269.130005,333.97
20180207,267.670013,345.0
20180208,257.630005,315.23
20180209,261.5,310.42
20180212,265.339996,315.73
20180213,266.0,323.66
20180214,269.589996,322.31
20180215,273.029999,334.065
20180216,273.109985,335.49
20180220,271.399994,334.77
20180221,270.049988,333.3
20180222,270.399994,346.17
20180223,274.709991,352.05
20180226,277.899994,357.42
20180227,274.429993,350.99
20180228,271.649994,343.06
20180301,267.700012,330.93
20180302,269.079987,335.12
20180305,272.190002,333.35
20180306,272.880005,328.2
20180307,272.779999,332.3
20180308,274.100006,329.1
20180309,278.869995,327.17
20180312,278.519989,345.51
20180313,276.720001,341.84
20180314,275.299988,326.63
20180315,275.0,325.6
20180316,274.200012,321.35
20180319,270.48999,313.56
20180320,270.950012,310.55
20180321,270.429993,316.53
20180322,263.670013,309.1
20180323,258.049988,301.54
20180326,265.109985,304.18
20180327,260.600006,279.18
20180328,259.829987,257.78
20180329,263.149994,266.13
20180402,257.470001,252.48
20180403,260.769989,267.53
20180404,263.559998,286.94
20180405,265.640015,305.72
20180406,259.720001,299.3
20180409,261.0,289.66
20180410,265.149994,304.7
20180411,263.76001,300.93
20180412,265.929993,294.08
20180413,265.149994,300.34
20180416,267.329987,291.21
20180417,270.190002,287.69
20180418,270.390015,293.35
20180419,268.890015,300.08
20180420,266.609985,290.24
20180423,266.570007,283.37
20180424,262.980011,283.46
20180425,263.630005,280.69
20180426,266.309998,285.48
20180427,266.559998,294.075
20180430,264.51001,293.9
20180501,264.980011,299.92
20180502,263.200012,301.15
20180503,262.619995,284.45
20180504,266.019989,294.09
20180507,266.920013,302.77
20180508,266.920013,301.97
20180509,269.5,306.85
20180510,272.019989,305.02
20180511,272.850006,301.06
20180514,272.980011,291.97
20180515,271.100006,284.18
20180516,272.23999,286.48
20180517,272.01001,284.54
20180518,271.329987,276.82
20180521,273.369995,284.49
20180522,272.609985,275.01
20180523,273.359985,279.07
20180524,272.799988,277.85
20180525,272.149994,278.85
20180529,269.019989,283.76
20180530,272.609985,291.72
20180531,270.940002,284.73
20180601,273.600006,291.82
20180604,274.899994,296.74
20180605,275.100006,291.13
20180606,277.399994,319.5
20180607,277.369995,316.09
20180608,278.190002,317.66
20180611,278.559998,332.1
20180612,278.920013,342.77
20180613,278.029999,344.78
20180614,278.730011,357.72
20180615,277.130005,358.17
20180618,276.559998,370.83
20180619,275.5,352.55
20180620,275.970001,362.22
20180621,274.23999,347.51
20180622,274.73999,333.63
20180625,271.0,333.01
20180626,271.600006,342.0
20180627,269.350006,344.5
20180628,270.890015,349.93
20180629,271.279999,342.95
20180702,271.859985,335.07
20180703,270.899994,310.86
20180705,273.109985,309.16
20180706,275.420013,308.9
20180709,277.899994,318.51
20180710,278.899994,322.47
20180711,276.859985,318.96
20180712,279.369995,316.71
20180713,279.589996,318.87
20180716,279.339996,310.1
20180717,280.470001,322.69
20180718,281.059998,323.85
20180719,280.0,320.23
20180720,279.679993,313.58
20180723,280.200012,303.2
20180724,281.609985,297.43
20180725,284.01001,308.74
20180726,283.339996,306.65
20180727,281.420013,297.18
20180730,279.950012,290.17
20180731,281.329987,298.14
20180801,280.859985,300.84
20180802,282.390015,349.54
20180803,283.600006,348.17
20180806,284.640015,341.99
20180807,285.579987,379.57
20180808,285.459991,370.34
20180809,285.070007,352.45
20180810,283.160004,355.49
20180813,282.100006,356.41
20180814,283.899994,347.64
20180815,281.779999,338.69
20180816,284.059998,335.45
20180817,285.059998,305.5
20180820,285.670013,308.44
20180821,286.339996,321.9
20180822,286.170013,321.64
20180823,285.790009,320.1
20180824,287.51001,322.82
20180827,289.779999,319.27
20180828,289.920013,311.86
20180829,291.480011,305.01
20180830,290.299988,303.15
20180831,290.309998,301.66
20180904,289.809998,288.95
20180905,289.029999,280.74
20180906,288.160004,280.95
20180907,287.600006,263.24
20180910,288.100006,285.5
20180911,289.049988,279.44
20180912,289.119995,290.54
20180913,290.829987,289.46
20180914,290.880005,295.2
20180917,289.339996,294.84
20180918,290.910004,284.96
20180919,291.220001,299.02
20180920,293.579987,298.33
20180921,291.98999,299.1
20180924,291.019989,299.68
20180925,290.75,300.99
20180926,289.880005,309.58
20180927,290.690002,307.52
20180928,290.720001,264.77
20181001,291.730011,310.7
20181002,291.559998,301.02
20181003,291.720001,294.8
20181004,289.440002,281.83
20181005,287.820007,261.95
20181008,287.820007,250.56
20181009,287.399994,262.8
20181010,278.299988,256.88
20181011,272.170013,252.23
20181012,275.950012,258.78
20181015,274.399994,259.59
20181016,280.399994,276.59
20181017,280.450012,271.78
20181018,276.399994,263.91
20181019,276.25,260.0
20181022,275.01001,260.95
20181023,273.609985,294.14
20181024,265.320007,288.5
20181025,270.079987,314.86
20181026,265.329987,330.9
20181029,263.859985,334.85
20181030,267.769989,329.9
20181031,270.630005,337.32
20181101,273.51001,344.28
20181102,271.890015,346.41
20181105,273.390015,341.4
20181106,275.119995,341.06
20181107,281.01001,348.16
20181108,280.5,351.4
20181109,277.76001,350.51
20181112,272.570007,331.28
20181113,272.059998,338.73
20181114,270.200012,344.0
20181115,273.019989,348.44
20181116,273.730011,354.31
20181119,269.100006,353.47
20181120,264.119995,347.49
20181121,265.019989,338.19
20181123,263.25,325.83
20181126,267.5,346.0
20181127,268.399994,343.92
20181128,274.579987,347.87
20181129,273.980011,341.17
20181130,275.649994,350.48
20181203,279.299988,358.49
20181204,270.25,359.7
20181206,269.839996,363.06
20181207,263.570007,357.965
20181210,264.070007,365.15
20181211,264.130005,366.76
20181212,265.459991,366.6
20181213,265.369995,376.79
20181214,260.470001,365.71
20181217,255.360001,348.42
20181218,255.080002,337.03
20181219,251.259995,332.97
20181220,247.169998,315.38
20181221,240.699997,319.77
20181224,234.339996,295.39
20181226,246.179993,326.09
20181227,248.070007,316.13
20181228,247.75,333.87
20181231,249.919998,332.8
20190102,250.179993,310.12
20190103,244.210007,300.36
20190104,252.389999,317.69
20190107,254.380005,334.96
20190108,256.769989,335.35
20190109,257.970001,338.53
20190110,258.880005,344.97
20190111,258.980011,347.26
20190114,257.399994,334.4
20190115,260.350006,344.43
20190116,260.980011,346.05
20190117,262.959991,347.31
20190118,266.459991,302.26
20190122,262.859985,298.92
20190123,263.410004,287.59
20190124,263.549988,291.51
20190125,265.779999,297.04
20190128,263.76001,296.38
20190129,263.410004,297.46
20190130,267.579987,308.77
20190131,269.929993,307.02
20190201,270.059998,312.21
20190204,271.959991,312.89
20190205,273.100006,321.35
20190206,272.73999,317.22
20190207,270.140015,307.51
20190208,270.470001,305.8
20190211,270.619995,312.84
20190212,274.100006,311.81
20190213,274.98999,308.17
20190214,274.380005,303.77
20190215,277.369995,307.88
20190219,277.850006,305.64
20190220,278.410004,302.56
20190221,277.420013,291.23
20190222,279.140015,294.71
20190225,279.519989,298.77
20190226,279.320007,297.86
20190227,279.200012,314.74
20190228,278.679993,319.88
20190301,280.420013,294.79
20190304,279.399994,285.36
20190305,279.019989,276.54
20190306,277.329987,276.24
20190307,275.01001,276.59
20190308,274.459991,284.14
20190311,278.440002,290.92
20190312,279.48999,283.36
20190313,281.339996,288.96
20190314,281.160004,289.96
20190315,281.309998,275.43
20190318,282.329987,269.49
20190319,282.399994,267.47
20190320,281.549988,273.6
20190321,284.730011,274.02
20190322,279.25,264.53
20190325,279.040009,260.42
20190326,281.119995,267.77
20190327,279.649994,274.83
20190328,280.709991,278.62
20190329,282.480011,279.86
20190401,285.829987,289.18
20190402,285.970001,285.88
20190403,286.420013,291.81
20190404,287.179993,267.78
20190405,288.570007,274.96
20190408,288.790009,273.2
20190409,287.309998,272.31
20190410,288.290009,276.06
20190411,288.209991,268.42
20190412,290.160004,267.7
20190415,289.970001,266.38
20190416,290.160004,273.36
20190417,289.450012,271.23
20190418,290.019989,273.26
20190422,290.269989,262.75
20190423,292.880005,263.9
20190424,292.230011,258.66
20190425,292.049988,247.63
20190426,293.410004,235.14
20190429,293.869995,241.47
20190430,294.019989,238.69
20190501,291.809998,234.01
20190502,291.179993,244.1
20190503,294.029999,255.03
20190506,292.820007,255.34
20190507,287.929993,247.06
20190508,287.529999,244.84
20190509,286.660004,241.98
20190510,288.100006,239.52
20190513,280.859985,227.01
20190514,283.399994,232.31
20190515,285.059998,231.95
20190516,287.700012,228.33
20190517,285.839996,211.03
20190520,283.950012,205.36
20190521,286.51001,205.08
20190522,285.630005,192.73
20190523,282.140015,195.49
20190524,282.779999,190.63
20190528,280.149994,188.7
20190529,278.269989,189.86
20190530,279.029999,188.22
20190531,275.269989,185.16
20190603,274.570007,178.97
20190604,280.529999,193.6
20190605,282.959991,196.59
20190606,284.799988,205.95
20190607,287.649994,204.5
20190610,288.970001,212.88
20190611,288.899994,217.1
20190612,288.390015,209.26
20190613,289.579987,213.91
20190614,289.26001,214.92
20190617,289.369995,225.03
20190618,292.399994,224.74
20190619,293.059998,226.43
20190620,295.859985,219.62
20190621,294.0,221.86
20190624,293.640015,223.64
20190625,290.76001,219.76
20190626,290.470001,219.27
20190627,291.5,222.84
20190628,293.0,223.46
20190701,295.660004,227.17
20190702,296.429993,224.55
20190703,298.799988,234.9
20190705,298.459991,233.1
20190708,296.820007,230.34
20190709,297.190002,230.06
20190710,298.609985,238.92
20190711,299.309998,238.6
20190712,300.649994,245.08
20190715,300.75,253.5
20190716,299.779999,252.38
20190717,297.73999,254.86
20190718,298.829987,253.54
20190719,297.170013,258.18
20190722,297.899994,255.68
20190723,300.029999,260.17
20190724,301.440002,264.88
20190725,300.0,228.82
20190726,302.01001,228.04
20190729,301.459991,235.77
20190730,300.720001,242.26
20190731,297.429993,241.61
20190801,294.839996,233.85
20190802,292.619995,234.34
20190805,283.820007,228.32
20190806,287.799988,230.75
20190807,287.970001,233.42
20190808,293.619995,238.3
20190809,291.619995,235.01
20190812,288.070007,229.01
20190813,292.549988,235.0
20190814,283.899994,219.62
20190815,284.649994,215.64
20190816,288.850006,219.94
20190819,292.329987,226.83
20190820,290.089996,225.86
20190821,292.450012,220.83
20190822,292.359985,222.15
20190823,284.850006,211.4
20190826,288.0,215.0
20190827,286.869995,214.08
20190828,288.890015,215.59
20190829,292.579987,221.71
20190830,292.450012,225.61
20190903,290.73999,225.01
20190904,294.040009,220.68
20190905,297.820007,229.58
20190906,298.049988,227.45
20190909,298.200012,231.79
20190910,298.130005,235.54
20190911,300.25,247.1
20190912,301.290009,245.87
20190913,301.089996,245.2
20190916,300.160004,242.81
20190917,300.920013,244.79
20190918,301.100006,243.49
20190919,301.079987,246.6
20190920,298.279999,240.62
20190923,298.209991,241.23
20190924,295.869995,223.21
20190925,297.619995,228.7
20190926,297.0,242.56
20190927,295.399994,242.13
20190930,296.769989,240.87
20191001,293.23999,244.69
20191002,288.059998,243.13
20191003,290.420013,233.03
20191004,294.350006,231.43
20191007,293.079987,237.72
20191008,288.529999,240.05
20191009,291.269989,244.53
20191010,293.23999,244.74
20191011,296.279999,247.89
20191014,295.950012,256.96
20191015,298.880005,257.89
20191016,298.399994,259.75
20191017,299.279999,261.97
20191018,297.970001,256.95
20191021,299.98999,253.5
20191022,299.01001,255.58
20191023,299.880005,254.68
20191024,300.369995,299.68
20191025,301.600006,328.13
20191028,303.299988,327.71
20191029,303.209991,316.22
20191030,304.140015,315.01
20191031,303.329987,314.92
20191101,306.140015,313.31
20191104,307.369995,317.47
20191105,307.029999,317.22
20191106,307.100006,326.58
20191107,308.179993,335.54
20191108,308.940002,337.14
20191111,308.350006,345.09
20191112,309.0,349.93
20191113,309.100006,346.11
20191114,309.549988,349.35
20191115,311.790009,352.17
20191118,312.019989,349.99
20191119,311.929993,359.52
20191120,310.769989,352.22
20191121,310.269989,354.83
20191122,310.959991,333.04
20191125,313.369995,336.34
20191126,314.079987,328.92
20191127,315.480011,331.29
20191129,314.309998,329.94
20191202,311.640015,334.87
20191203,309.549988,336.2
20191204,311.459991,333.03
20191205,312.019989,330.37
20191206,314.869995,335.89
20191209,313.880005,339.53
20191210,313.529999,348.84
20191211,314.420013,352.7
20191212,317.130005,359.68
20191213,317.320007,358.39
20191216,319.5,381.5
20191217,319.570007,378.99
20191218,319.589996,393.15
20191219,320.899994,404.04
20191220,320.730011,405.59
20191223,321.220001,419.22
20191224,321.230011,425.25
20191226,322.940002,430.94
20191227,322.859985,430.38
20191230,321.079987,414.7
20191231,321.859985,418.33
20200102,324.869995,430.26
20200103,322.410004,443.01
20200106,323.640015,451.54
20200107,322.730011,469.06
20200108,324.450012,492.14
20200109,326.649994,481.34
20200110,325.709991,478.15
20200113,327.950012,524.86
20200114,327.450012,537.92
20200115,328.190002,518.5
20200116,330.920013,513.49
20200117,331.950012,510.5
20200121,331.299988,547.2
20200122,331.339996,569.56
20200123,331.720001,572.2
20200124,328.769989,564.82
20200127,323.5,558.02
20200128,326.890015,566.9
20200129,326.619995,580.99
20200130,327.679993,640.81
20200131,321.730011,650.57
20200203,324.119995,780.0
20200204,329.059998,887.06
20200205,332.859985,734.7
20200206,333.980011,748.96
20200207,332.200012,748.07
20200210,334.679993,771.28
20200211,335.26001,774.38
20200212,337.420013,767.29
20200213,337.059998,804.0
20200214,337.600006,800.03
20200218,336.730011,858.4
20200219,338.339996,917.42
20200220,336.950012,899.41
20200221,333.480011,901.0
20200224,322.420013,833.79
20200225,312.649994,799.91
20200226,311.5,778.8
20200227,297.51001,679.0
20200228,296.26001,667.99
20200302,309.089996,743.62
20200303,300.23999,745.51
20200304,312.859985,749.5
20200305,302.459991,724.54
20200306,297.459991,703.48
20200309,274.230011,608.0
20200310,288.420013,645.33
20200311,274.359985,634.23
20200312,248.110001,560.55
20200313,269.320007,546.62
20200316,239.850006,445.07
20200317,252.800003,430.2
20200318,240.0,361.22
20200319,240.509995,427.64
20200320,228.800003,427.53
20200323,222.949997,434.29
20200324,243.149994,505.0
20200325,246.789993,539.25
20200326,261.200012,528.16
20200327,253.419998,514.36
20200330,261.649994,502.13
20200331,257.75,524.0
20200401,246.149994,481.56
20200402,251.830002,454.47
20200403,248.190002,480.01
20200406,264.859985,516.24
20200407,265.130005,545.45
20200408,274.029999,548.84
20200409,278.200012,573.0
20200413,275.660004,650.95
20200414,283.790009,709.89
20200415,277.76001,729.83
20200416,279.100006,745.21
20200417,286.640015,753.89
20200420,281.589996,746.36
20200421,273.040009,686.72
20200422,279.100006,732.11
20200423,279.079987,705.63
20200424,282.970001,725.15
20200427,287.049988,798.75
20200428,285.730011,769.12
20200429,293.209991,800.51
20200430,290.480011,781.88
20200501,282.790009,701.32
20200504,283.570007,761.19
20200505,286.190002,768.21
20200506,284.25,782.58
20200507,287.679993,780.04
20200508,292.440002,819.42
20200511,292.5,811.29
20200512,286.670013,809.41
20200513,281.600006,790.96
20200514,284.970001,803.33
20200515,286.279999,799.17
20200518,295.0,813.63
20200519,291.970001,808.01
20200520,296.929993,815.56
20200521,294.880005,827.6
20200522,295.440002,816.88
20200526,299.079987,818.87
20200527,303.529999,820.23
20200528,302.970001,805.81
20200529,304.320007,835.0
20200601,305.549988,898.1
20200602,308.079987,881.56
20200603,312.179993,882.96
20200604,311.359985,864.38
20200605,319.339996,885.66
20200608,323.200012,949.92
20200609,320.790009,940.67
20200610,319.0,1025.05
20200611,300.609985,972.84
20200612,304.209991,935.28
20200615,307.049988,990.9
20200616,312.959991,982.13
20200617,311.660004,991.79
20200618,311.779999,1003.96
20200619,308.640015,1000.9
20200622,310.619995,994.32
20200623,312.049988,1001.78
20200624,304.089996,960.85
20200625,307.350006,985.98
20200626,300.049988,959.74
20200629,304.459991,1009.35
20200630,308.359985,1079.81
20200701,310.519989,1119.63
20200702,312.230011,1208.66
20200706,317.049988,1371.58
20200707,313.779999,1389.86
20200708,316.179993,1365.88
20200709,314.380005,1394.28
20200710,317.589996,1544.65
20200713,314.839996,1497.06
20200714,318.920013,1516.8
20200715,321.850006,1546.01
20200716,320.790009,1500.64
20200717,321.720001,1500.84
20200720,324.320007,1643.0
20200721,325.01001,1568.36
20200722,326.859985,1592.33
20200723,322.959991,1513.07
20200724,320.880005,1417.0
